id,player_id,event_index,team_index,team_name,wins,losses,state
1,13250,1,0,"Team 1",14,3,NULL
2,13250,1,0,"Team 2",13,4,NULL
3,13250,1,0,"Team 3",12,5,NULL
4,13250,1,0,"Team 4",14,2,NULL
5,13250,1,0,"Team 5",13,4,NULL
6,13271,1,0,"Team 1",14,3,NULL
7,13271,1,0,"Team 2",13,4,NULL
8,13271,1,0,"Team 3",12,5,NULL
9,13271,1,0,"Team 4",14,2,NULL
10,13271,1,0,"Team 5",13,4,NULL
11,13275,1,0,"Team 1",14,3,NULL
12,13275,1,0,"Team 2",13,4,NULL
13,13275,1,0,"Team 3",12,5,NULL
14,13275,1,0,"Team 4",14,2,NULL
15,13275,1,0,"Team 5",13,4,NULL
16,13276,1,0,"Team 1",14,3,NULL
17,13276,1,0,"Team 2",13,4,NULL
18,13276,1,0,"Team 3",12,5,NULL
19,13276,1,0,"Team 4",14,2,NULL
20,13276,1,0,"Team 5",13,4,NULL
21,13278,1,0,"Team 1",14,3,NULL
22,13278,1,0,"Team 2",13,4,NULL
23,13278,1,0,"Team 3",12,5,NULL
24,13278,1,0,"Team 4",14,2,NULL
25,13278,1,0,"Team 5",13,4,NULL
26,13279,1,0,"Team 1",14,3,NULL
27,13279,1,0,"Team 2",13,4,NULL
28,13279,1,0,"Team 3",12,5,NULL
29,13279,1,0,"Team 4",14,2,NULL
30,13279,1,0,"Team 5",13,4,NULL
31,13280,1,0,"Team 1",14,3,NULL
32,13280,1,0,"Team 2",13,4,NULL
33,13280,1,0,"Team 3",12,5,NULL
34,13280,1,0,"Team 4",14,2,NULL
35,13280,1,0,"Team 5",13,4,NULL
36,13282,1,0,"Team 1",14,3,NULL
37,13282,1,0,"Team 2",13,4,NULL
38,13282,1,0,"Team 3",12,5,NULL
39,13282,1,0,"Team 4",14,2,NULL
40,13282,1,0,"Team 5",13,4,NULL
41,13283,1,0,"Team 1",14,3,NULL
42,13283,1,0,"Team 2",13,4,NULL
43,13283,1,0,"Team 3",12,5,NULL
44,13283,1,0,"Team 4",14,2,NULL
45,13283,1,0,"Team 5",13,4,NULL
46,13285,1,0,"Team 1",14,3,NULL
47,13285,1,0,"Team 2",13,4,NULL
48,13285,1,0,"Team 3",12,5,NULL
49,13285,1,0,"Team 4",14,2,NULL
50,13285,1,0,"Team 5",13,4,NULL
51,13287,1,0,"Team 1",14,3,NULL
52,13287,1,0,"Team 2",13,4,NULL
53,13287,1,0,"Team 3",12,5,NULL
54,13287,1,0,"Team 4",14,2,NULL
55,13287,1,0,"Team 5",13,4,NULL
56,13288,1,0,"Team 1",14,3,NULL
57,13288,1,0,"Team 2",13,4,NULL
58,13288,1,0,"Team 3",12,5,NULL
59,13288,1,0,"Team 4",14,2,NULL
60,13288,1,0,"Team 5",13,4,NULL
61,13289,1,0,"Team 1",14,3,NULL
62,13289,1,0,"Team 2",13,4,NULL
63,13289,1,0,"Team 3",12,5,NULL
64,13289,1,0,"Team 4",14,2,NULL
65,13289,1,0,"Team 5",13,4,NULL
66,13290,1,0,"Team 1",14,3,NULL
67,13290,1,0,"Team 2",13,4,NULL
68,13290,1,0,"Team 3",12,5,NULL
69,13290,1,0,"Team 4",14,2,NULL
70,13290,1,0,"Team 5",13,4,NULL
71,13291,1,0,"Team 1",14,3,NULL
72,13291,1,0,"Team 2",13,4,NULL
73,13291,1,0,"Team 3",12,5,NULL
74,13291,1,0,"Team 4",14,2,NULL
75,13291,1,0,"Team 5",13,4,NULL
76,13292,1,0,"FBC United Hunt (TN)",14,3,NULL
77,13292,1,0,"AL Southern Starz 2019 Bush (AL)",14,2,NULL
78,13292,1,0,"Michigan Storm Elite 19/20 (MI)",14,1,NULL
79,13292,1,0,"Team LaDazhia Williams (FL)",NULL,NULL,NULL
80,13294,1,0,"FBC United Hunt (TN)",14,3,NULL
81,13294,1,0,"AL Southern Starz 2019 Bush (AL)",14,2,NULL
82,13294,1,0,"Michigan Storm Elite 19/20 (MI)",14,1,NULL
83,13294,1,0,"Team LaDazhia Williams (FL)",NULL,NULL,NULL
84,13298,1,0,"FBC United Hunt (TN)",14,3,NULL
85,13298,1,0,"AL Southern Starz 2019 Bush (AL)",14,2,NULL
86,13298,1,0,"Michigan Storm Elite 19/20 (MI)",14,1,NULL
87,13298,1,0,"Team LaDazhia Williams (FL)",NULL,NULL,NULL
88,13299,1,0,"FBC United Hunt (TN)",14,3,NULL
89,13299,1,0,"AL Southern Starz 2019 Bush (AL)",14,2,NULL
90,13299,1,0,"Michigan Storm Elite 19/20 (MI)",14,1,NULL
91,13299,1,0,"Team LaDazhia Williams (FL)",NULL,NULL,NULL
92,13303,1,0,"FBC United Hunt (TN)",14,3,NULL
93,13303,1,0,"AL Southern Starz 2019 Bush (AL)",14,2,NULL
94,13303,1,0,"Michigan Storm Elite 19/20 (MI)",14,1,NULL
95,13303,1,0,"Team LaDazhia Williams (FL)",NULL,NULL,NULL
96,13304,1,0,"FBC United Hunt (TN)",14,3,NULL
97,13304,1,0,"AL Southern Starz 2019 Bush (AL)",14,2,NULL
98,13304,1,0,"Michigan Storm Elite 19/20 (MI)",14,1,NULL
99,13304,1,0,"Team LaDazhia Williams (FL)",NULL,NULL,NULL
100,13305,1,0,"FBC United Hunt (TN)",14,3,NULL
101,13305,1,0,"AL Southern Starz 2019 Bush (AL)",14,2,NULL
102,13305,1,0,"Michigan Storm Elite 19/20 (MI)",14,1,NULL
103,13305,1,0,"Team LaDazhia Williams (FL)",NULL,NULL,NULL
104,13306,1,0,"FBC United Hunt (TN)",14,3,NULL
105,13306,1,0,"AL Southern Starz 2019 Bush (AL)",14,2,NULL
106,13306,1,0,"Michigan Storm Elite 19/20 (MI)",14,1,NULL
107,13306,1,0,"Team LaDazhia Williams (FL)",NULL,NULL,NULL
108,13336,1,0,"FBC United Hunt (TN)",14,3,NULL
109,13336,1,0,"AL Southern Starz 2019 Bush (AL)",14,2,NULL
110,13336,1,0,"Michigan Storm Elite 19/20 (MI)",14,1,NULL
111,13336,1,0,"Team LaDazhia Williams (FL)",NULL,NULL,NULL
112,15089,1,0,"MAVS WOODZ ELITE 17 (AR)",NULL,NULL,NULL
113,15089,1,0,"MAVS WOODZ ELITE DUSTIN 17 (AR)",NULL,NULL,NULL
114,15089,1,0,"LADY FLAMES ELITE DIAMOND 17 (LA)",NULL,NULL,NULL
115,15089,1,0,"CY FAIR PREMIER BLACK 17 (TX)",NULL,NULL,NULL
116,15089,1,0,"CY FAIR PREMIER BLUE 17 (TX)",NULL,NULL,NULL
117,15089,1,0,"MAINE FIRECRACKERS BRIGGS 17 (ME)",NULL,NULL,NULL
118,15089,1,0,"TEAM LOADED RED 17 (VA)",NULL,NULL,NULL
119,15089,1,0,"TEAM LOADED VA BLACK 17 (VA)",NULL,NULL,NULL
120,15089,1,0,"TEAM LOADED DAIVS 2019 17 (VA)",NULL,NULL,NULL
121,15089,1,0,"MAVS WOODZ ELITE CALEB 16 (AR)",NULL,NULL,NULL
122,15089,1,0,"MAINE FIRECREACKERS CLEMENT 16 (ME)",NULL,NULL,NULL
123,15089,1,0,"BECOME ONE 16 (ONTARIO)",NULL,NULL,NULL
124,15089,1,0,"CY FAIR PRMIER WHITE 16 (TX)",NULL,NULL,NULL
125,15089,1,0,"TEAM LOADED 2020 BELL 16 (VA)",NULL,NULL,NULL
126,15089,1,0,"MAVS WOODZ EILITE 2021 15 (AR)",NULL,NULL,NULL
127,15089,1,0,"BECOME ONE 2021 15 (ONTARIO)",NULL,NULL,NULL
128,15089,1,0,"TEAM LOADED 703 15 (VA)",NULL,NULL,NULL
129,15089,1,0,"TEAM LOADED GARY 2021 15 (VA)",NULL,NULL,NULL
130,15089,1,0,"TEAM LOADED GARY 15 (VA)",NULL,NULL,NULL
131,15089,1,0,"TEAM LAODED DAVIS 2021 15 (VA)",NULL,NULL,NULL
132,15089,1,0,"MAVS WOODZ ELITE 20022 14 (AR)",NULL,NULL,NULL
133,15089,1,0,"BECOME ONE 2022 14 (ONTARIO)",NULL,NULL,NULL
134,15089,1,0,"TEAM LOADED 8TH GRADE 14 (VA)",NULL,NULL,NULL
135,15089,1,0,"TEAM LOADED 2023 14 (VA)",NULL,NULL,NULL
136,15151,1,0,"MAVS WOODZ ELITE 17 (AR)",NULL,NULL,NULL
137,15151,1,0,"MAVS WOODZ ELITE DUSTIN 17 (AR)",NULL,NULL,NULL
138,15151,1,0,"LADY FLAMES ELITE DIAMOND 17 (LA)",NULL,NULL,NULL
139,15151,1,0,"CY FAIR PREMIER BLACK 17 (TX)",NULL,NULL,NULL
140,15151,1,0,"CY FAIR PREMIER BLUE 17 (TX)",NULL,NULL,NULL
141,15151,1,0,"MAINE FIRECRACKERS BRIGGS 17 (ME)",NULL,NULL,NULL
142,15151,1,0,"TEAM LOADED RED 17 (VA)",NULL,NULL,NULL
143,15151,1,0,"TEAM LOADED VA BLACK 17 (VA)",NULL,NULL,NULL
144,15151,1,0,"TEAM LOADED DAIVS 2019 17 (VA)",NULL,NULL,NULL
145,15151,1,0,"MAVS WOODZ ELITE CALEB 16 (AR)",NULL,NULL,NULL
146,15151,1,0,"MAINE FIRECREACKERS CLEMENT 16 (ME)",NULL,NULL,NULL
147,15151,1,0,"BECOME ONE 16 (ONTARIO)",NULL,NULL,NULL
148,15151,1,0,"CY FAIR PRMIER WHITE 16 (TX)",NULL,NULL,NULL
149,15151,1,0,"TEAM LOADED 2020 BELL 16 (VA)",NULL,NULL,NULL
150,15151,1,0,"MAVS WOODZ EILITE 2021 15 (AR)",NULL,NULL,NULL
151,15151,1,0,"BECOME ONE 2021 15 (ONTARIO)",NULL,NULL,NULL
152,15151,1,0,"TEAM LOADED 703 15 (VA)",NULL,NULL,NULL
153,15151,1,0,"TEAM LOADED GARY 2021 15 (VA)",NULL,NULL,NULL
154,15151,1,0,"TEAM LOADED GARY 15 (VA)",NULL,NULL,NULL
155,15151,1,0,"TEAM LAODED DAVIS 2021 15 (VA)",NULL,NULL,NULL
156,15151,1,0,"MAVS WOODZ ELITE 20022 14 (AR)",NULL,NULL,NULL
157,15151,1,0,"BECOME ONE 2022 14 (ONTARIO)",NULL,NULL,NULL
158,15151,1,0,"TEAM LOADED 8TH GRADE 14 (VA)",NULL,NULL,NULL
159,15151,1,0,"TEAM LOADED 2023 14 (VA)",NULL,NULL,NULL
160,15152,1,0,"MAVS WOODZ ELITE 17 (AR)",NULL,NULL,NULL
161,15152,1,0,"MAVS WOODZ ELITE DUSTIN 17 (AR)",NULL,NULL,NULL
162,15152,1,0,"LADY FLAMES ELITE DIAMOND 17 (LA)",NULL,NULL,NULL
163,15152,1,0,"CY FAIR PREMIER BLACK 17 (TX)",NULL,NULL,NULL
164,15152,1,0,"CY FAIR PREMIER BLUE 17 (TX)",NULL,NULL,NULL
165,15152,1,0,"MAINE FIRECRACKERS BRIGGS 17 (ME)",NULL,NULL,NULL
166,15152,1,0,"TEAM LOADED RED 17 (VA)",NULL,NULL,NULL
167,15152,1,0,"TEAM LOADED VA BLACK 17 (VA)",NULL,NULL,NULL
168,15152,1,0,"TEAM LOADED DAIVS 2019 17 (VA)",NULL,NULL,NULL
169,15152,1,0,"MAVS WOODZ ELITE CALEB 16 (AR)",NULL,NULL,NULL
170,15152,1,0,"MAINE FIRECREACKERS CLEMENT 16 (ME)",NULL,NULL,NULL
171,15152,1,0,"BECOME ONE 16 (ONTARIO)",NULL,NULL,NULL
172,15152,1,0,"CY FAIR PREMIER WHITE 16 (TX)",NULL,NULL,NULL
173,15152,1,0,"TEAM LOADED 2020 BELL 16 (VA)",NULL,NULL,NULL
174,15152,1,0,"MAVS WOODZ EILITE 2021 15 (AR)",NULL,NULL,NULL
175,15152,1,0,"BECOME ONE 2021 15 (ONTARIO)",NULL,NULL,NULL
176,15152,1,0,"TEAM LOADED 703 15 (VA)",NULL,NULL,NULL
177,15152,1,0,"TEAM LOADED GARY 2021 15 (VA)",NULL,NULL,NULL
178,15152,1,0,"TEAM LOADED GARY 15 (VA)",NULL,NULL,NULL
179,15152,1,0,"TEAM LAODED DAVIS 2021 15 (VA)",NULL,NULL,NULL
180,15152,1,0,"MAVS WOODZ ELITE 2022 14 (AR)",NULL,NULL,NULL
181,15152,1,0,"BECOME ONE 2022 14 (ONTARIO)",NULL,NULL,NULL
182,15152,1,0,"TEAM LOADED 8TH GRADE 14 (VA)",NULL,NULL,NULL
183,15152,1,0,"TEAM LOADED 2023 14 (VA)",NULL,NULL,NULL
184,15202,1,0,"MAVS WOODZ ELITE 17 (AR)",NULL,NULL,NULL
185,15202,1,0,"MAVS WOODZ ELITE DUSTIN 17 (AR)",NULL,NULL,NULL
186,15202,1,0,"LADY FLAMES ELITE DIAMOND 17 (LA)",NULL,NULL,NULL
187,15202,1,0,"CY FAIR PREMIER BLACK 17 (TX)",NULL,NULL,NULL
188,15202,1,0,"CY FAIR PREMIER BLUE 17 (TX)",NULL,NULL,NULL
189,15202,1,0,"MAINE FIRECRACKERS BRIGGS 17 (ME)",NULL,NULL,NULL
190,15202,1,0,"TEAM LOADED RED 17 (VA)",NULL,NULL,NULL
191,15202,1,0,"TEAM LOADED VA BLACK 17 (VA)",NULL,NULL,NULL
192,15202,1,0,"TEAM LOADED DAIVS 2019 17 (VA)",NULL,NULL,NULL
193,15202,1,0,"MAVS WOODZ ELITE CALEB 16 (AR)",NULL,NULL,NULL
194,15202,1,0,"MAINE FIRECREACKERS CLEMENT 16 (ME)",NULL,NULL,NULL
195,15202,1,0,"BECOME ONE 16 (ONTARIO)",NULL,NULL,NULL
196,15202,1,0,"CY FAIR PREMIER WHITE 16 (TX)",NULL,NULL,NULL
197,15202,1,0,"TEAM LOADED 2020 BELL 16 (VA)",NULL,NULL,NULL
198,15202,1,0,"MAVS WOODZ EILITE 2021 15 (AR)",NULL,NULL,NULL
199,15202,1,0,"BECOME ONE 2021 15 (ONTARIO)",NULL,NULL,NULL
200,15202,1,0,"TEAM LOADED 703 15 (VA)",NULL,NULL,NULL
201,15202,1,0,"TEAM LOADED GARY 2021 15 (VA)",NULL,NULL,NULL
202,15202,1,0,"TEAM LOADED GARY 15 (VA)",NULL,NULL,NULL
203,15202,1,0,"TEAM LAODED DAVIS 2021 15 (VA)",NULL,NULL,NULL
204,15202,1,0,"MAVS WOODZ ELITE 2022 14 (AR)",NULL,NULL,NULL
205,15202,1,0,"BECOME ONE 2022 14 (ONTARIO)",NULL,NULL,NULL
206,15202,1,0,"TEAM LOADED 8TH GRADE 14 (VA)",NULL,NULL,NULL
207,15202,1,0,"TEAM LOADED 2023 14 (VA)",NULL,NULL,NULL
208,15202,1,0,"FBC United Hunt (GA)",NULL,NULL,NULL
209,15202,1,0,"FBC Black 2019 (GA)",NULL,NULL,NULL
210,15202,1,0,"FBC BounceNation Jay 2019 (GA)",NULL,NULL,NULL
211,15202,1,0,"FBC BounceNation Tiff 17U (GA)",NULL,NULL,NULL
212,15202,1,0,"FBC HoopStars Black 17u (GA)",NULL,NULL,NULL
213,15202,1,0,"FBC HoopStars Select 17u (GA)",NULL,NULL,NULL
214,15202,1,0,"FBC Blazers Red 17U (GA)",NULL,NULL,NULL
215,15202,1,0,"FBC 2019 Kay (GA)",NULL,NULL,NULL
216,15202,1,0,"FBC Blazers Black 16U (GA)",NULL,NULL,NULL
217,15202,1,0,"FBC Playmakers 16U (GA)",NULL,NULL,NULL
218,15202,1,0,"FBC RoadRunners Brooks 10th (GA)",NULL,NULL,NULL
219,15202,1,0,"FBC 2020 Boscoe (GA)",NULL,NULL,NULL
220,15202,1,0,"FBC RED Sophmores (GA)",NULL,NULL,NULL
221,15202,1,0,"FBC MO Next Up (GA)",NULL,NULL,NULL
222,15202,1,0,"FBC BounceNation Dee 15U (GA)",NULL,NULL,NULL
223,15202,1,0,"FBC Blazers White 15U (GA)",NULL,NULL,NULL
224,15202,1,0,"FBC Playmakers 15U (GA)",NULL,NULL,NULL
225,15202,1,0,"FBC Black Johnny 2021 (GA)",NULL,NULL,NULL
226,15202,1,0,"FBC BounceNation Jay 2021 (GA)",NULL,NULL,NULL
227,15202,1,0,"FBC HoopStars Brown 2021 (GA)",NULL,NULL,NULL
228,15202,1,0,"FBC 2021 Frazier (GA)",NULL,NULL,NULL
229,15202,1,0,"FBC MO Youngunz (GA)",NULL,NULL,NULL
230,15202,1,0,"FBC Blazers Blue 14U (GA)",NULL,NULL,NULL
231,15202,1,0,"FBC The Family (GA)",NULL,NULL,NULL
232,15202,1,0,"FBC RoadRunners Hairston 8th (GA)",NULL,NULL,NULL
233,15202,1,0,"FBC BounceNation Futures (GA)",NULL,NULL,NULL
234,15206,1,0,"MAVS WOODZ ELITE 17 (AR)",NULL,NULL,NULL
235,15206,1,0,"MAVS WOODZ ELITE DUSTIN 17 (AR)",NULL,NULL,NULL
236,15206,1,0,"LADY FLAMES ELITE DIAMOND 17 (LA)",NULL,NULL,NULL
237,15206,1,0,"CY FAIR PREMIER BLACK 17 (TX)",NULL,NULL,NULL
238,15206,1,0,"CY FAIR PREMIER BLUE 17 (TX)",NULL,NULL,NULL
239,15206,1,0,"MAINE FIRECRACKERS BRIGGS 17 (ME)",NULL,NULL,NULL
240,15206,1,0,"TEAM LOADED RED 17 (VA)",NULL,NULL,NULL
241,15206,1,0,"TEAM LOADED VA BLACK 17 (VA)",NULL,NULL,NULL
242,15206,1,0,"TEAM LOADED DAIVS 2019 17 (VA)",NULL,NULL,NULL
243,15206,1,0,"MAVS WOODZ ELITE CALEB 16 (AR)",NULL,NULL,NULL
244,15206,1,0,"MAINE FIRECREACKERS CLEMENT 16 (ME)",NULL,NULL,NULL
245,15206,1,0,"BECOME ONE 16 (ONTARIO)",NULL,NULL,NULL
246,15206,1,0,"CY FAIR PREMIER WHITE 16 (TX)",NULL,NULL,NULL
247,15206,1,0,"TEAM LOADED 2020 BELL 16 (VA)",NULL,NULL,NULL
248,15206,1,0,"MAVS WOODZ EILITE 2021 15 (AR)",NULL,NULL,NULL
249,15206,1,0,"BECOME ONE 2021 15 (ONTARIO)",NULL,NULL,NULL
250,15206,1,0,"TEAM LOADED 703 15 (VA)",NULL,NULL,NULL
251,15206,1,0,"TEAM LOADED GARY 2021 15 (VA)",NULL,NULL,NULL
252,15206,1,0,"TEAM LOADED GARY 15 (VA)",NULL,NULL,NULL
253,15206,1,0,"TEAM LAODED DAVIS 2021 15 (VA)",NULL,NULL,NULL
254,15206,1,0,"MAVS WOODZ ELITE 2022 14 (AR)",NULL,NULL,NULL
255,15206,1,0,"BECOME ONE 2022 14 (ONTARIO)",NULL,NULL,NULL
256,15206,1,0,"TEAM LOADED 8TH GRADE 14 (VA)",NULL,NULL,NULL
257,15206,1,0,"TEAM LOADED 2023 14 (VA)",NULL,NULL,NULL
258,15206,1,0,"FBC United Hunt (GA)",NULL,NULL,NULL
259,15206,1,0,"FBC Black 2019 (GA)",NULL,NULL,NULL
260,15206,1,0,"FBC BounceNation Jay 2019 (GA)",NULL,NULL,NULL
261,15206,1,0,"FBC BounceNation Tiff 17U (GA)",NULL,NULL,NULL
262,15206,1,0,"FBC HoopStars Black 17u (GA)",NULL,NULL,NULL
263,15206,1,0,"FBC HoopStars Select 17u (GA)",NULL,NULL,NULL
264,15206,1,0,"FBC Blazers Red 17U (GA)",NULL,NULL,NULL
265,15206,1,0,"FBC 2019 Kay (GA)",NULL,NULL,NULL
266,15206,1,0,"FBC Blazers Black 16U (GA)",NULL,NULL,NULL
267,15206,1,0,"FBC Playmakers 16U (GA)",NULL,NULL,NULL
268,15206,1,0,"FBC RoadRunners Brooks 10th (GA)",NULL,NULL,NULL
269,15206,1,0,"FBC 2020 Boscoe (GA)",NULL,NULL,NULL
270,15206,1,0,"FBC RED Sophmores (GA)",NULL,NULL,NULL
271,15206,1,0,"FBC MO Next Up (GA)",NULL,NULL,NULL
272,15206,1,0,"FBC BounceNation Dee 15U (GA)",NULL,NULL,NULL
273,15206,1,0,"FBC Blazers White 15U (GA)",NULL,NULL,NULL
274,15206,1,0,"FBC Playmakers 15U (GA)",NULL,NULL,NULL
275,15206,1,0,"FBC Black Johnny 2021 (GA)",NULL,NULL,NULL
276,15206,1,0,"FBC BounceNation Jay 2021 (GA)",NULL,NULL,NULL
277,15206,1,0,"FBC HoopStars Brown 2021 (GA)",NULL,NULL,NULL
278,15206,1,0,"FBC 2021 Frazier (GA)",NULL,NULL,NULL
279,15206,1,0,"FBC MO Youngunz (GA)",NULL,NULL,NULL
280,15206,1,0,"FBC Blazers Blue 14U (GA)",NULL,NULL,NULL
281,15206,1,0,"FBC The Family (GA)",NULL,NULL,NULL
282,15206,1,0,"FBC RoadRunners Hairston 8th (GA)",NULL,NULL,NULL
283,15206,1,0,"FBC BounceNation Futures (GA)",NULL,NULL,NULL
284,15207,1,0,"MAVS WOODZ ELITE 17u (AR)",NULL,NULL,NULL
285,15207,1,0,"MAVS WOODZ ELITE DUSTIN 17u (AR)",NULL,NULL,NULL
286,15207,1,0,"FBC United Hunt 17u (GA)",NULL,NULL,NULL
287,15207,1,0,"FBC Black 2019 17u (GA)",NULL,NULL,NULL
288,15207,1,0,"FBC BounceNation Jay 2019 17u (GA)",NULL,NULL,NULL
289,15207,1,0,"FBC BounceNation Tiff 17U (GA)",NULL,NULL,NULL
290,15207,1,0,"FBC HoopStars Black 17u (GA)",NULL,NULL,NULL
291,15207,1,0,"FBC HoopStars Select 17u (GA)",NULL,NULL,NULL
292,15207,1,0,"FBC Blazers Red 17U (GA)",NULL,NULL,NULL
293,15207,1,0,"MAVS WOODZ ELITE CALEB 16u (AR)",NULL,NULL,NULL
294,15207,1,0,"FBC Blazers Black 16u (GA)",NULL,NULL,NULL
295,15207,1,0,"FBC Playmakers 16u (GA)",NULL,NULL,NULL
296,15207,1,0,"FBC RoadRunners Brooks 10th 16u (GA)",NULL,NULL,NULL
297,15207,1,0,"FBC 2020 Boscoe 16u (GA)",NULL,NULL,NULL
298,15207,1,0,"MAVS WOODZ EILITE 2021 15u (AR)",NULL,NULL,NULL
299,15207,1,0,"FBC BounceNation Dee 15u (GA)",NULL,NULL,NULL
300,15207,1,0,"FBC Blazers White 15u (GA)",NULL,NULL,NULL
301,15207,1,0,"FBC Playmakers 15u (GA)",NULL,NULL,NULL
302,15207,1,0,"FBC Black Johnny 2021 15u (GA)",NULL,NULL,NULL
303,15207,1,0,"FBC BounceNation Jay 2021 15u (GA)",NULL,NULL,NULL
304,15207,1,0,"MAVS WOODZ ELITE 2022 14u (AR)",NULL,NULL,NULL
305,15207,1,0,"FBC Blazers Blue 14U (GA)",NULL,NULL,NULL
306,15207,1,0,"FBC The Family 14u (GA)",NULL,NULL,NULL
307,15207,1,0,"FBC RoadRunners Hairston 8th 14u (GA)",NULL,NULL,NULL
308,15207,1,0,"FBC 2019 Kay 17u (GA)",NULL,NULL,NULL
309,15207,1,0,"LADY FLAMES ELITE DIAMOND 17u (LA)",NULL,NULL,NULL
310,15207,1,0,"MAINE FIRECRACKERS BRIGGS 17u (ME)",NULL,NULL,NULL
311,15207,1,0,"CY FAIR PREMIER BLACK 17u (TX)",NULL,NULL,NULL
312,15207,1,0,"CY FAIR PREMIER BLUE 17u (TX)",NULL,NULL,NULL
313,15207,1,0,"TEAM LOADED RED 17u (VA)",NULL,NULL,NULL
314,15207,1,0,"TEAM LOADED VA BLACK 17u (VA)",NULL,NULL,NULL
315,15207,1,0,"TEAM LOADED DAIVS 2019 17u (VA)",NULL,NULL,NULL
316,15207,1,0,"FBC RED Sophmores 16u (GA)",NULL,NULL,NULL
317,15207,1,0,"FBC MO Next Up 16u (GA)",NULL,NULL,NULL
318,15207,1,0,"MAINE FIRECREACKERS CLEMENT 16u (ME)",NULL,NULL,NULL
319,15207,1,0,"BECOME ONE 16u (ONTARIO)",NULL,NULL,NULL
320,15207,1,0,"CY FAIR PREMIER WHITE 16u (TX)",NULL,NULL,NULL
321,15207,1,0,"TEAM LOADED 2020 BELL 16u (VA)",NULL,NULL,NULL
322,15207,1,0,"FBC HoopStars Brown 2021 15u (GA)",NULL,NULL,NULL
323,15207,1,0,"FBC 2021 Frazier 15u (GA)",NULL,NULL,NULL
324,15207,1,0,"FBC MO Youngunz 15u (GA)",NULL,NULL,NULL
325,15207,1,0,"BECOME ONE 2021 15u (ONTARIO)",NULL,NULL,NULL
326,15207,1,0,"TEAM LAODED DAVIS 2021 15u (VA)",NULL,NULL,NULL
327,15207,1,0,"TEAM LOADED GARY 15u (VA)",NULL,NULL,NULL
328,15207,1,0,"TEAM LOADED GARY 2021 15u (VA)",NULL,NULL,NULL
329,15207,1,0,"TEAM LOADED 703 15u (VA)",NULL,NULL,NULL
330,15207,1,0,"FBC BounceNation Futures 14u (GA)",NULL,NULL,NULL
331,15207,1,0,"BECOME ONE 2022 14u (ONTARIO)",NULL,NULL,NULL
332,15207,1,0,"TEAM LOADED 2023 14u (VA)",NULL,NULL,NULL
333,15207,1,0,"TEAM LOADED 8TH GRADE 14u (VA)",NULL,NULL,NULL
334,15629,1,0,"MAVS WOODZ ELITE 17u (AR)",NULL,NULL,NULL
335,15629,1,0,"MAVS WOODZ ELITE DUSTIN 17u (AR)",NULL,NULL,NULL
336,15629,1,0,"FBC United Hunt 17u (GA)",NULL,NULL,NULL
337,15629,1,0,"FBC Black 2019 17u (GA)",NULL,NULL,NULL
338,15629,1,0,"FBC BounceNation Jay 2019 17u (GA)",NULL,NULL,NULL
339,15629,1,0,"FBC BounceNation Tiff 17U (GA)",NULL,NULL,NULL
340,15629,1,0,"FBC HoopStars Black 17u (GA)",NULL,NULL,NULL
341,15629,1,0,"FBC HoopStars Select 17u (GA)",NULL,NULL,NULL
342,15629,1,0,"FBC Blazers Red 17U (GA)",NULL,NULL,NULL
343,15629,1,0,"MAVS WOODZ ELITE CALEB 16u (AR)",NULL,NULL,NULL
344,15629,1,0,"FBC Blazers Black 16u (GA)",NULL,NULL,NULL
345,15629,1,0,"FBC Playmakers 16u (GA)",NULL,NULL,NULL
346,15629,1,0,"FBC RoadRunners Brooks 10th 16u (GA)",NULL,NULL,NULL
347,15629,1,0,"FBC 2020 Boscoe 16u (GA)",NULL,NULL,NULL
348,15629,1,0,"MAVS WOODZ EILITE 2021 15u (AR)",NULL,NULL,NULL
349,15629,1,0,"FBC BounceNation Dee 15u (GA)",NULL,NULL,NULL
350,15629,1,0,"FBC Blazers White 15u (GA)",NULL,NULL,NULL
351,15629,1,0,"FBC Playmakers 15u (GA)",NULL,NULL,NULL
352,15629,1,0,"FBC Black Johnny 2021 15u (GA)",NULL,NULL,NULL
353,15629,1,0,"FBC BounceNation Jay 2021 15u (GA)",NULL,NULL,NULL
354,15629,1,0,"MAVS WOODZ ELITE 2022 14u (AR)",NULL,NULL,NULL
355,15629,1,0,"FBC Blazers Blue 14U (GA)",NULL,NULL,NULL
356,15629,1,0,"FBC The Family 14u (GA)",NULL,NULL,NULL
357,15629,1,0,"FBC RoadRunners Hairston 8th 14u (GA)",NULL,NULL,NULL
358,15629,1,0,"FBC 2019 Kay 17u (GA)",NULL,NULL,NULL
359,15629,1,0,"LADY FLAMES ELITE DIAMOND 17u (LA)",NULL,NULL,NULL
360,15629,1,0,"Power Move 2019 17u (MD)",NULL,NULL,NULL
361,15629,1,0,"MAINE FIRECRACKERS BRIGGS 17u (ME)",NULL,NULL,NULL
362,15629,1,0,"SME Gold 17u (MS)",NULL,NULL,NULL
363,15629,1,0,"Stars Elite Red 17u (PA)",NULL,NULL,NULL
364,15629,1,0,"Stars Elite 2019 17u (PA)",NULL,NULL,NULL
365,15629,1,0,"CY FAIR PREMIER BLACK 17u (TX)",NULL,NULL,NULL
366,15629,1,0,"FBC RED Sophmores 16u (GA)",NULL,NULL,NULL
367,15629,1,0,"FBC MO Next Up 16u (GA)",NULL,NULL,NULL
368,15629,1,0,"Power Move 2020 16u (MD)",NULL,NULL,NULL
369,15629,1,0,"MAINE FIRECREACKERS CLEMENT 16u (ME)",NULL,NULL,NULL
370,15629,1,0,"SME Black 16u (MS)",NULL,NULL,NULL
371,15629,1,0,"Stars Elite 2020 16u (PA)",NULL,NULL,NULL
372,15629,1,0,"FBC HoopStars Brown 2021 15u (GA)",NULL,NULL,NULL
373,15629,1,0,"FBC 2021 Frazier 15u (GA)",NULL,NULL,NULL
374,15629,1,0,"FBC MO Youngunz 15u (GA)",NULL,NULL,NULL
375,15629,1,0,"SME White 15u (MS)",NULL,NULL,NULL
376,15629,1,0,"BECOME ONE 2021 15u (ONTARIO)",NULL,NULL,NULL
377,15629,1,0,"Stars Elite 2021 15u (PA)",NULL,NULL,NULL
378,15629,1,0,"TEAM LAODED DAVIS 2021 15u (VA)",NULL,NULL,NULL
379,15629,1,0,"TEAM LOADED GARY 15u (VA)",NULL,NULL,NULL
380,15629,1,0,"FBC BounceNation Futures 14u (GA)",NULL,NULL,NULL
381,15629,1,0,"BECOME ONE 2022 14u (ONTARIO)",NULL,NULL,NULL
382,15629,1,0,"TEAM LOADED 2023 14u (VA)",NULL,NULL,NULL
383,15629,1,0,"TEAM LOADED 8TH GRADE 14u (VA)",NULL,NULL,NULL
384,15629,1,0,"CY FAIR PREMIER BLUE 17u (TX)",NULL,NULL,NULL
385,15629,1,0,"TEAM LOADED RED 17u (VA)",NULL,NULL,NULL
386,15629,1,0,"TEAM LOADED VA BLACK 17u (VA)",NULL,NULL,NULL
387,15629,1,0,"TEAM LOADED DAIVS 2019 17u (VA)",NULL,NULL,NULL
388,15629,1,0,"BECOME ONE 16u (ONTARIO)",NULL,NULL,NULL
389,15629,1,0,"CY FAIR PREMIER WHITE 16u (TX)",NULL,NULL,NULL
390,15629,1,0,"TEAM LOADED 2020 BELL 16u (VA)",NULL,NULL,NULL
391,15629,1,0,"TEAM LOADED GARY 2021 15u (VA)",NULL,NULL,NULL
392,15629,1,0,"TEAM LOADED 703 15u (VA)",NULL,NULL,NULL
393,22263,1,0,,NULL,NULL,NULL
394,22263,1,0,,NULL,NULL,NULL
395,22263,1,0,,NULL,NULL,NULL
396,22263,1,0,,NULL,NULL,NULL
397,22263,1,0,,NULL,NULL,NULL
398,22263,1,0,,NULL,NULL,NULL
399,22263,1,0,,NULL,NULL,NULL
400,22263,1,0,,NULL,NULL,NULL
401,22263,1,0,,NULL,NULL,NULL
402,22263,1,0,,NULL,NULL,NULL
403,22263,1,0,,NULL,NULL,NULL
404,22263,1,0,,NULL,NULL,NULL
405,22263,1,0,,NULL,NULL,NULL
406,22263,1,0,,NULL,NULL,NULL
407,22263,1,0,,NULL,NULL,NULL
408,22263,1,0,,NULL,NULL,NULL
409,22263,1,0,,NULL,NULL,NULL
410,22263,1,0,,NULL,NULL,NULL
411,22263,1,0,,NULL,NULL,NULL
412,22263,1,0,,NULL,NULL,NULL
413,22263,1,0,,NULL,NULL,NULL
414,22263,1,0,,NULL,NULL,NULL
415,22263,1,0,,NULL,NULL,NULL
416,22263,1,0,,NULL,NULL,NULL
417,22263,1,0,,NULL,NULL,NULL
418,22263,1,0,,NULL,NULL,NULL
419,22263,1,0,,NULL,NULL,NULL
420,22263,1,0,,NULL,NULL,NULL
421,22263,1,0,,NULL,NULL,NULL
422,22263,1,0,,NULL,NULL,NULL
423,22263,1,0,,NULL,NULL,NULL
424,22263,1,0,,NULL,NULL,NULL
425,22263,1,0,,NULL,NULL,NULL
426,22263,1,0,,NULL,NULL,NULL
427,22263,1,0,,NULL,NULL,NULL
428,22263,1,0,,NULL,NULL,NULL
429,22263,1,0,,NULL,NULL,NULL
430,22263,1,0,,NULL,NULL,NULL
431,22263,1,0,,NULL,NULL,NULL
432,22263,1,0,,NULL,NULL,NULL
433,22263,1,0,,NULL,NULL,NULL
434,22263,1,0,,NULL,NULL,NULL
435,22263,1,0,,NULL,NULL,NULL
436,22263,1,0,,NULL,NULL,NULL
437,22263,1,0,,NULL,NULL,NULL
438,22263,1,0,,NULL,NULL,NULL
439,22263,1,0,,NULL,NULL,NULL
440,22263,1,0,,NULL,NULL,NULL
441,22273,1,0,,NULL,NULL,NULL
442,22273,1,0,,NULL,NULL,NULL
443,22273,1,0,,NULL,NULL,NULL
444,22273,1,0,,NULL,NULL,NULL
445,22273,1,0,,NULL,NULL,NULL
446,22273,1,0,,NULL,NULL,NULL
447,22273,1,0,,NULL,NULL,NULL
448,22273,1,0,,NULL,NULL,NULL
449,22273,1,0,,NULL,NULL,NULL
450,22273,1,0,,NULL,NULL,NULL
451,22273,1,0,,NULL,NULL,NULL
452,22273,1,0,,NULL,NULL,NULL
453,22273,1,0,,NULL,NULL,NULL
454,22273,1,0,,NULL,NULL,NULL
455,22273,1,0,,NULL,NULL,NULL
456,22273,1,0,,NULL,NULL,NULL
457,22273,1,0,,NULL,NULL,NULL
458,22273,1,0,,NULL,NULL,NULL
459,22273,1,0,,NULL,NULL,NULL
460,22273,1,0,,NULL,NULL,NULL
461,22273,1,0,,NULL,NULL,NULL
462,22273,1,0,,NULL,NULL,NULL
463,22273,1,0,,NULL,NULL,NULL
464,22273,1,0,,NULL,NULL,NULL
465,22273,1,0,,NULL,NULL,NULL
466,22273,1,0,,NULL,NULL,NULL
467,22273,1,0,,NULL,NULL,NULL
468,22273,1,0,,NULL,NULL,NULL
469,22273,1,0,,NULL,NULL,NULL
470,22273,1,0,,NULL,NULL,NULL
471,22273,1,0,,NULL,NULL,NULL
472,22273,1,0,,NULL,NULL,NULL
473,22273,1,0,,NULL,NULL,NULL
474,22273,1,0,,NULL,NULL,NULL
475,22273,1,0,,NULL,NULL,NULL
476,22273,1,0,,NULL,NULL,NULL
477,22273,1,0,,NULL,NULL,NULL
478,22273,1,0,,NULL,NULL,NULL
479,22273,1,0,,NULL,NULL,NULL
480,22273,1,0,,NULL,NULL,NULL
481,22273,1,0,,NULL,NULL,NULL
482,22273,1,0,,NULL,NULL,NULL
483,22273,1,0,,NULL,NULL,NULL
484,22273,1,0,,NULL,NULL,NULL
485,22273,1,0,,NULL,NULL,NULL
486,22273,1,0,,NULL,NULL,NULL
487,22273,1,0,,NULL,NULL,NULL
488,22273,1,0,,NULL,NULL,NULL
489,22285,1,0,,NULL,NULL,NULL
490,22285,1,0,,NULL,NULL,NULL
491,22285,1,0,,NULL,NULL,NULL
492,22285,1,0,,NULL,NULL,NULL
493,22285,1,0,,NULL,NULL,NULL
494,22285,1,0,,NULL,NULL,NULL
495,22285,1,0,,NULL,NULL,NULL
496,22285,1,0,,NULL,NULL,NULL
497,22285,1,0,,NULL,NULL,NULL
498,22285,1,0,,NULL,NULL,NULL
499,22285,1,0,,NULL,NULL,NULL
500,22285,1,0,,NULL,NULL,NULL
501,22285,1,0,,NULL,NULL,NULL
502,22285,1,0,,NULL,NULL,NULL
503,22285,1,0,,NULL,NULL,NULL
504,22285,1,0,,NULL,NULL,NULL
505,22285,1,0,,NULL,NULL,NULL
506,22285,1,0,,NULL,NULL,NULL
507,22285,1,0,,NULL,NULL,NULL
508,22285,1,0,,NULL,NULL,NULL
509,22285,1,0,,NULL,NULL,NULL
510,22285,1,0,,NULL,NULL,NULL
511,22285,1,0,,NULL,NULL,NULL
512,22285,1,0,,NULL,NULL,NULL
513,22285,1,0,,NULL,NULL,NULL
514,22285,1,0,,NULL,NULL,NULL
515,22285,1,0,,NULL,NULL,NULL
516,22285,1,0,,NULL,NULL,NULL
517,22285,1,0,,NULL,NULL,NULL
518,22285,1,0,,NULL,NULL,NULL
519,22285,1,0,,NULL,NULL,NULL
520,22285,1,0,,NULL,NULL,NULL
521,22285,1,0,,NULL,NULL,NULL
522,22285,1,0,,NULL,NULL,NULL
523,22285,1,0,,NULL,NULL,NULL
524,22285,1,0,,NULL,NULL,NULL
525,22285,1,0,,NULL,NULL,NULL
526,22285,1,0,,NULL,NULL,NULL
527,22285,1,0,,NULL,NULL,NULL
528,22285,1,0,,NULL,NULL,NULL
529,22285,1,0,,NULL,NULL,NULL
530,22285,1,0,,NULL,NULL,NULL
531,22285,1,0,,NULL,NULL,NULL
532,22285,1,0,,NULL,NULL,NULL
533,22285,1,0,,NULL,NULL,NULL
534,22285,1,0,,NULL,NULL,NULL
535,22285,1,0,,NULL,NULL,NULL
536,22285,1,0,,NULL,NULL,NULL
537,22261,1,0,,NULL,NULL,NULL
538,22288,1,0,"program 1",1,NULL,NULL
539,22288,1,0,"program 2",2,NULL,NULL
540,22261,1,0,,NULL,NULL,NULL
541,22289,1,0,"program 1",1,NULL,NULL
542,22289,1,0,"program 2",2,NULL,NULL
543,22289,1,0,"program 2",2,NULL,NULL
544,22290,1,0,"program 1",1,NULL,NULL
545,22290,1,0,"program 2",2,NULL,NULL
546,22290,1,0,"program 2",2,NULL,NULL
547,22291,1,0,"program 1",1,NULL,NULL
548,22291,1,0,"program 2",2,NULL,NULL
549,22291,1,0,"program 2",2,NULL,NULL
550,22261,1,0,,NULL,NULL,NULL
551,22292,1,0,"program 2",5,1,NULL
552,22292,1,0,"program 1",1,NULL,NULL
553,22292,1,0,"program 2",2,NULL,NULL
554,22293,1,0,"program 2",5,1,NULL
555,22293,1,0,"program 1",1,NULL,NULL
556,22293,1,0,"program 2",2,NULL,NULL
557,22297,1,0,"program 2",5,1,NULL
558,22297,1,0,"program 1",1,NULL,NULL
559,22297,1,0,"program 2",2,NULL,NULL
560,22298,1,0,"program 2",5,1,NULL
561,22298,1,0,"program 1",1,NULL,NULL
562,22298,1,0,"program 2",2,NULL,NULL
563,22299,1,0,"program 2",5,1,NULL
564,22299,1,0,"program 1",1,NULL,NULL
565,22299,1,0,"program 2",2,NULL,NULL
566,22300,1,0,"program 2",5,1,NULL
567,22300,1,0,"program 1",1,NULL,NULL
568,22300,1,0,"program 2",2,NULL,NULL
569,22301,1,0,"program 2",5,1,NULL
570,22301,1,0,"program 1",1,NULL,NULL
571,22301,1,0,"program 2",2,NULL,NULL
572,22302,1,0,"program 2",5,1,NULL
573,22302,1,0,"program 1",1,NULL,NULL
574,22302,1,0,"program 2",2,NULL,NULL
575,22303,1,0,"program 2",5,1,NULL
576,22303,1,0,"program 1",1,NULL,NULL
577,22303,1,0,"program 2",2,NULL,NULL
578,22304,1,0,"program 2",5,1,NULL
579,22304,1,0,"program 1",1,NULL,NULL
580,22304,1,0,"program 2",2,NULL,NULL
581,22306,1,0,"program 2",5,1,NULL
582,22306,1,0,"program 1",1,NULL,NULL
583,22306,1,0,"program 2",2,NULL,NULL
584,22308,1,0,"program 2",5,1,NULL
585,22308,1,0,"program 1",1,NULL,NULL
586,22308,1,0,"program 2",2,NULL,NULL
587,22261,1,0,,NULL,NULL,NULL
588,22261,1,0,,NULL,NULL,NULL
589,22261,1,0,,NULL,NULL,NULL
590,22261,1,0,,NULL,NULL,NULL
591,22261,1,0,,NULL,NULL,NULL
592,22261,1,0,,NULL,NULL,NULL
593,22261,1,0,,NULL,NULL,NULL
594,22261,1,0,,NULL,NULL,NULL
595,22261,1,0,,NULL,NULL,NULL
596,22261,1,0,,NULL,NULL,NULL
597,22261,1,0,,NULL,NULL,NULL
598,22261,1,0,,NULL,NULL,NULL
599,22261,1,0,,NULL,NULL,NULL
600,22261,1,0,,NULL,NULL,NULL
601,22261,1,0,,NULL,NULL,NULL
602,22261,1,0,,NULL,NULL,NULL
603,22261,1,0,,NULL,NULL,NULL
604,22261,1,0,,NULL,NULL,NULL
605,22261,1,0,,NULL,NULL,NULL
606,22261,1,0,,NULL,NULL,NULL
607,22261,1,0,,NULL,NULL,NULL
608,22261,1,0,"Team 252 East (NC)",NULL,NULL,NULL
609,22261,1,0,,NULL,NULL,NULL
610,22261,1,0,,NULL,NULL,NULL
611,22261,1,0,,NULL,NULL,NULL
612,22261,1,0,,NULL,NULL,NULL
613,22261,1,0,,NULL,NULL,NULL
614,22261,1,0,,NULL,NULL,NULL
615,22261,1,0,,NULL,NULL,NULL
616,22261,1,0,,NULL,NULL,NULL
617,22261,1,0,,NULL,NULL,NULL
618,22261,1,0,,NULL,NULL,NULL
619,22261,1,0,,NULL,NULL,NULL
620,22261,1,0,,NULL,NULL,NULL
621,22261,1,0,,NULL,NULL,NULL
622,22261,1,0,,NULL,NULL,NULL
623,22261,1,0,,NULL,NULL,NULL
624,22261,1,0,,NULL,NULL,NULL
625,22261,1,0,,NULL,NULL,NULL
626,22261,1,0,,NULL,NULL,NULL
627,22261,1,0,,NULL,NULL,NULL
628,22261,1,0,,NULL,NULL,NULL
629,22261,1,0,,NULL,NULL,NULL
630,22261,1,0,,NULL,NULL,NULL
631,22261,1,0,,NULL,NULL,NULL
632,22309,1,0,,NULL,NULL,NULL
633,22309,1,0,,NULL,NULL,NULL
634,22309,1,0,,NULL,NULL,NULL
635,22309,1,0,,NULL,NULL,NULL
636,22309,1,0,,NULL,NULL,NULL
637,22309,1,0,,NULL,NULL,NULL
638,22309,1,0,,NULL,NULL,NULL
639,22309,1,0,,NULL,NULL,NULL
640,22309,1,0,,NULL,NULL,NULL
641,22309,1,0,,NULL,NULL,NULL
642,22309,1,0,,NULL,NULL,NULL
643,22309,1,0,,NULL,NULL,NULL
644,22309,1,0,,NULL,NULL,NULL
645,22309,1,0,,NULL,NULL,NULL
646,22309,1,0,,NULL,NULL,NULL
647,22309,1,0,,NULL,NULL,NULL
648,22309,1,0,,NULL,NULL,NULL
649,22309,1,0,,NULL,NULL,NULL
650,22309,1,0,,NULL,NULL,NULL
651,22309,1,0,,NULL,NULL,NULL
652,22309,1,0,,NULL,NULL,NULL
653,22309,1,0,,NULL,NULL,NULL
654,22309,1,0,,NULL,NULL,NULL
655,22309,1,0,,NULL,NULL,NULL
656,22309,1,0,,NULL,NULL,NULL
657,22309,1,0,,NULL,NULL,NULL
658,22309,1,0,,NULL,NULL,NULL
659,22309,1,0,,NULL,NULL,NULL
660,22309,1,0,,NULL,NULL,NULL
661,22309,1,0,,NULL,NULL,NULL
662,22309,1,0,,NULL,NULL,NULL
663,22309,1,0,,NULL,NULL,NULL
664,22309,1,0,,NULL,NULL,NULL
665,22309,1,0,,NULL,NULL,NULL
666,22309,1,0,,NULL,NULL,NULL
667,22309,1,0,,NULL,NULL,NULL
668,22309,1,0,,NULL,NULL,NULL
669,22309,1,0,,NULL,NULL,NULL
670,22309,1,0,,NULL,NULL,NULL
671,22309,1,0,,NULL,NULL,NULL
672,22309,1,0,,NULL,NULL,NULL
673,22309,1,0,,NULL,NULL,NULL
674,22309,1,0,,NULL,NULL,NULL
675,22309,1,0,,NULL,NULL,NULL
676,22309,1,0,,NULL,NULL,NULL
677,22309,1,0,,NULL,NULL,NULL
678,22309,1,0,,NULL,NULL,NULL
679,22309,1,0,,NULL,NULL,NULL
680,22310,1,0,,NULL,NULL,NULL
681,22310,1,0,,NULL,NULL,NULL
682,22310,1,0,,NULL,NULL,NULL
683,22310,1,0,,NULL,NULL,NULL
684,22310,1,0,,NULL,NULL,NULL
685,22310,1,0,,NULL,NULL,NULL
686,22310,1,0,,NULL,NULL,NULL
687,22310,1,0,,NULL,NULL,NULL
688,22310,1,0,,NULL,NULL,NULL
689,22310,1,0,,NULL,NULL,NULL
690,22310,1,0,,NULL,NULL,NULL
691,22310,1,0,,NULL,NULL,NULL
692,22310,1,0,,NULL,NULL,NULL
693,22310,1,0,,NULL,NULL,NULL
694,22310,1,0,,NULL,NULL,NULL
695,22310,1,0,,NULL,NULL,NULL
696,22310,1,0,,NULL,NULL,NULL
697,22310,1,0,,NULL,NULL,NULL
698,22310,1,0,,NULL,NULL,NULL
699,22310,1,0,,NULL,NULL,NULL
700,22310,1,0,,NULL,NULL,NULL
701,22310,1,0,,NULL,NULL,NULL
702,22310,1,0,,NULL,NULL,NULL
703,22310,1,0,,NULL,NULL,NULL
704,22310,1,0,,NULL,NULL,NULL
705,22310,1,0,,NULL,NULL,NULL
706,22310,1,0,,NULL,NULL,NULL
707,22310,1,0,,NULL,NULL,NULL
708,22310,1,0,,NULL,NULL,NULL
709,22310,1,0,,NULL,NULL,NULL
710,22310,1,0,,NULL,NULL,NULL
711,22310,1,0,,NULL,NULL,NULL
712,22310,1,0,,NULL,NULL,NULL
713,22310,1,0,,NULL,NULL,NULL
714,22310,1,0,,NULL,NULL,NULL
715,22310,1,0,,NULL,NULL,NULL
716,22310,1,0,,NULL,NULL,NULL
717,22310,1,0,,NULL,NULL,NULL
718,22310,1,0,,NULL,NULL,NULL
719,22310,1,0,,NULL,NULL,NULL
720,22310,1,0,,NULL,NULL,NULL
721,22310,1,0,,NULL,NULL,NULL
722,22310,1,0,,NULL,NULL,NULL
723,22310,1,0,,NULL,NULL,NULL
724,22310,1,0,,NULL,NULL,NULL
725,22310,1,0,,NULL,NULL,NULL
726,22310,1,0,,NULL,NULL,NULL
727,22310,1,0,,NULL,NULL,NULL
728,22311,1,0,,NULL,NULL,NULL
729,22311,1,0,,NULL,NULL,NULL
730,22311,1,0,,NULL,NULL,NULL
731,22311,1,0,,NULL,NULL,NULL
732,22311,1,0,,NULL,NULL,NULL
733,22311,1,0,,NULL,NULL,NULL
734,22311,1,0,,NULL,NULL,NULL
735,22311,1,0,,NULL,NULL,NULL
736,22311,1,0,,NULL,NULL,NULL
737,22311,1,0,,NULL,NULL,NULL
738,22311,1,0,,NULL,NULL,NULL
739,22311,1,0,,NULL,NULL,NULL
740,22311,1,0,,NULL,NULL,NULL
741,22311,1,0,,NULL,NULL,NULL
742,22311,1,0,,NULL,NULL,NULL
743,22311,1,0,,NULL,NULL,NULL
744,22311,1,0,,NULL,NULL,NULL
745,22311,1,0,,NULL,NULL,NULL
746,22311,1,0,,NULL,NULL,NULL
747,22311,1,0,,NULL,NULL,NULL
748,22311,1,0,,NULL,NULL,NULL
749,22311,1,0,,NULL,NULL,NULL
750,22311,1,0,,NULL,NULL,NULL
751,22311,1,0,,NULL,NULL,NULL
752,22311,1,0,,NULL,NULL,NULL
753,22311,1,0,,NULL,NULL,NULL
754,22311,1,0,,NULL,NULL,NULL
755,22311,1,0,,NULL,NULL,NULL
756,22311,1,0,,NULL,NULL,NULL
757,22311,1,0,,NULL,NULL,NULL
758,22311,1,0,,NULL,NULL,NULL
759,22311,1,0,,NULL,NULL,NULL
760,22311,1,0,,NULL,NULL,NULL
761,22311,1,0,,NULL,NULL,NULL
762,22311,1,0,,NULL,NULL,NULL
763,22311,1,0,,NULL,NULL,NULL
764,22311,1,0,,NULL,NULL,NULL
765,22311,1,0,,NULL,NULL,NULL
766,22311,1,0,,NULL,NULL,NULL
767,22311,1,0,,NULL,NULL,NULL
768,22311,1,0,,NULL,NULL,NULL
769,22311,1,0,,NULL,NULL,NULL
770,22311,1,0,,NULL,NULL,NULL
771,22311,1,0,,NULL,NULL,NULL
772,22311,1,0,,NULL,NULL,NULL
773,22311,1,0,,NULL,NULL,NULL
774,22311,1,0,,NULL,NULL,NULL
775,22311,1,0,,NULL,NULL,NULL
776,25136,1,0,,NULL,NULL,NULL
777,25136,1,0,,NULL,NULL,NULL
778,25136,1,0,,NULL,NULL,NULL
779,25136,1,0,,NULL,NULL,NULL
780,25136,1,0,,NULL,NULL,NULL
781,25136,1,0,,NULL,NULL,NULL
782,25136,1,0,,NULL,NULL,NULL
783,25136,1,0,,NULL,NULL,NULL
784,25136,1,0,,NULL,NULL,NULL
785,25136,1,0,,NULL,NULL,NULL
786,25136,1,0,,NULL,NULL,NULL
787,25136,1,0,,NULL,NULL,NULL
788,25136,1,0,,NULL,NULL,NULL
789,25136,1,0,,NULL,NULL,NULL
790,25136,1,0,,NULL,NULL,NULL
791,25136,1,0,,NULL,NULL,NULL
792,25136,1,0,,NULL,NULL,NULL
793,25136,1,0,,NULL,NULL,NULL
794,25136,1,0,,NULL,NULL,NULL
795,25136,1,0,,NULL,NULL,NULL
796,25136,1,0,,NULL,NULL,NULL
797,25136,1,0,,NULL,NULL,NULL
798,25136,1,0,,NULL,NULL,NULL
799,25136,1,0,,NULL,NULL,NULL
800,25136,1,0,,NULL,NULL,NULL
801,25136,1,0,,NULL,NULL,NULL
802,25136,1,0,,NULL,NULL,NULL
803,25136,1,0,,NULL,NULL,NULL
804,25136,1,0,,NULL,NULL,NULL
805,25136,1,0,,NULL,NULL,NULL
806,25136,1,0,,NULL,NULL,NULL
807,25136,1,0,,NULL,NULL,NULL
808,25136,1,0,,NULL,NULL,NULL
809,25136,1,0,,NULL,NULL,NULL
810,25136,1,0,,NULL,NULL,NULL
811,25136,1,0,,NULL,NULL,NULL
812,25136,1,0,"Team 252 East (NC)",NULL,NULL,NULL
813,25136,1,0,"Team 252 West (NC)",NULL,NULL,NULL
814,25136,1,0,,NULL,NULL,NULL
815,25136,1,0,,NULL,NULL,NULL
816,25136,1,0,,NULL,NULL,NULL
817,25136,1,0,,NULL,NULL,NULL
818,25136,1,0,,NULL,NULL,NULL
819,25136,1,0,,NULL,NULL,NULL
820,25136,1,0,,NULL,NULL,NULL
821,25136,1,0,,NULL,NULL,NULL
822,25136,1,0,,NULL,NULL,NULL
823,25136,1,0,,NULL,NULL,NULL
824,25453,1,0,,NULL,NULL,NULL
825,25453,1,0,,NULL,NULL,NULL
826,25453,1,0,,NULL,NULL,NULL
827,25453,1,0,,NULL,NULL,NULL
828,25453,1,0,,NULL,NULL,NULL
829,25453,1,0,,NULL,NULL,NULL
830,25453,1,0,,NULL,NULL,NULL
831,25453,1,0,,NULL,NULL,NULL
832,25453,1,0,,NULL,NULL,NULL
833,25453,1,0,,NULL,NULL,NULL
834,25453,1,0,,NULL,NULL,NULL
835,25453,1,0,,NULL,NULL,NULL
836,25453,1,0,,NULL,NULL,NULL
837,25453,1,0,,NULL,NULL,NULL
838,25453,1,0,,NULL,NULL,NULL
839,25453,1,0,,NULL,NULL,NULL
840,25453,1,0,,NULL,NULL,NULL
841,25453,1,0,,NULL,NULL,NULL
842,25453,1,0,,NULL,NULL,NULL
843,25453,1,0,,NULL,NULL,NULL
844,25453,1,0,,NULL,NULL,NULL
845,25453,1,0,,NULL,NULL,NULL
846,25453,1,0,,NULL,NULL,NULL
847,25453,1,0,,NULL,NULL,NULL
848,25453,1,0,"Team 252 East (NC)",NULL,NULL,NULL
849,25453,1,0,,NULL,NULL,NULL
850,25453,1,0,,NULL,NULL,NULL
851,25453,1,0,,NULL,NULL,NULL
852,25453,1,0,,NULL,NULL,NULL
853,25453,1,0,,NULL,NULL,NULL
854,25453,1,0,,NULL,NULL,NULL
855,25453,1,0,,NULL,NULL,NULL
856,25453,1,0,,NULL,NULL,NULL
857,25453,1,0,,NULL,NULL,NULL
858,25453,1,0,,NULL,NULL,NULL
859,25453,1,0,,NULL,NULL,NULL
860,25453,1,0,,NULL,NULL,NULL
861,25453,1,0,,NULL,NULL,NULL
862,25453,1,0,,NULL,NULL,NULL
863,25453,1,0,,NULL,NULL,NULL
864,25453,1,0,,NULL,NULL,NULL
865,25453,1,0,,NULL,NULL,NULL
866,25453,1,0,,NULL,NULL,NULL
867,25453,1,0,,NULL,NULL,NULL
868,25453,1,0,,NULL,NULL,NULL
869,25453,1,0,,NULL,NULL,NULL
870,25453,1,0,,NULL,NULL,NULL
871,25453,1,0,,NULL,NULL,NULL
872,25454,1,0,,NULL,NULL,NULL
873,25454,1,0,,NULL,NULL,NULL
874,25454,1,0,,NULL,NULL,NULL
875,25454,1,0,,NULL,NULL,NULL
876,25454,1,0,,NULL,NULL,NULL
877,25454,1,0,,NULL,NULL,NULL
878,25454,1,0,,NULL,NULL,NULL
879,25454,1,0,,NULL,NULL,NULL
880,25454,1,0,,NULL,NULL,NULL
881,25454,1,0,,NULL,NULL,NULL
882,25454,1,0,,NULL,NULL,NULL
883,25454,1,0,,NULL,NULL,NULL
884,25454,1,0,,NULL,NULL,NULL
885,25454,1,0,,NULL,NULL,NULL
886,25454,1,0,,NULL,NULL,NULL
887,25454,1,0,,NULL,NULL,NULL
888,25454,1,0,,NULL,NULL,NULL
889,25454,1,0,,NULL,NULL,NULL
890,25454,1,0,,NULL,NULL,NULL
891,25454,1,0,,NULL,NULL,NULL
892,25454,1,0,,NULL,NULL,NULL
893,25454,1,0,,NULL,NULL,NULL
894,25454,1,0,,NULL,NULL,NULL
895,25454,1,0,,NULL,NULL,NULL
896,25454,1,0,"Team 252 East (NC)",NULL,NULL,NULL
897,25454,1,0,,NULL,NULL,NULL
898,25454,1,0,,NULL,NULL,NULL
899,25454,1,0,,NULL,NULL,NULL
900,25454,1,0,,NULL,NULL,NULL
901,25454,1,0,,NULL,NULL,NULL
902,25454,1,0,,NULL,NULL,NULL
903,25454,1,0,,NULL,NULL,NULL
904,25454,1,0,,NULL,NULL,NULL
905,25454,1,0,,NULL,NULL,NULL
906,25454,1,0,,NULL,NULL,NULL
907,25454,1,0,,NULL,NULL,NULL
908,25454,1,0,,NULL,NULL,NULL
909,25454,1,0,,NULL,NULL,NULL
910,25454,1,0,,NULL,NULL,NULL
911,25454,1,0,,NULL,NULL,NULL
912,25454,1,0,,NULL,NULL,NULL
913,25454,1,0,,NULL,NULL,NULL
914,25454,1,0,,NULL,NULL,NULL
915,25454,1,0,,NULL,NULL,NULL
916,25454,1,0,,NULL,NULL,NULL
917,25454,1,0,,NULL,NULL,NULL
918,25454,1,0,,NULL,NULL,NULL
919,25454,1,0,,NULL,NULL,NULL
920,25468,1,0,,NULL,NULL,NULL
921,25468,1,0,,NULL,NULL,NULL
922,25468,1,0,,NULL,NULL,NULL
923,25468,1,0,,NULL,NULL,NULL
924,25468,1,0,,NULL,NULL,NULL
925,25468,1,0,,NULL,NULL,NULL
926,25468,1,0,,NULL,NULL,NULL
927,25468,1,0,,NULL,NULL,NULL
928,25468,1,0,,NULL,NULL,NULL
929,25468,1,0,,NULL,NULL,NULL
930,25468,1,0,,NULL,NULL,NULL
931,25468,1,0,,NULL,NULL,NULL
932,25468,1,0,,NULL,NULL,NULL
933,25468,1,0,,NULL,NULL,NULL
934,25468,1,0,,NULL,NULL,NULL
935,25468,1,0,,NULL,NULL,NULL
936,25468,1,0,,NULL,NULL,NULL
937,25468,1,0,,NULL,NULL,NULL
938,25468,1,0,,NULL,NULL,NULL
939,25468,1,0,,NULL,NULL,NULL
940,25468,1,0,,NULL,NULL,NULL
941,25468,1,0,,NULL,NULL,NULL
942,25468,1,0,,NULL,NULL,NULL
943,25468,1,0,,NULL,NULL,NULL
944,25468,1,0,"Team 252 East (NC)",NULL,NULL,NULL
945,25468,1,0,,NULL,NULL,NULL
946,25468,1,0,,NULL,NULL,NULL
947,25468,1,0,,NULL,NULL,NULL
948,25468,1,0,,NULL,NULL,NULL
949,25468,1,0,,NULL,NULL,NULL
950,25468,1,0,,NULL,NULL,NULL
951,25468,1,0,,NULL,NULL,NULL
952,25468,1,0,,NULL,NULL,NULL
953,25468,1,0,,NULL,NULL,NULL
954,25468,1,0,,NULL,NULL,NULL
955,25468,1,0,,NULL,NULL,NULL
956,25468,1,0,,NULL,NULL,NULL
957,25468,1,0,,NULL,NULL,NULL
958,25468,1,0,,NULL,NULL,NULL
959,25468,1,0,,NULL,NULL,NULL
960,25468,1,0,,NULL,NULL,NULL
961,25468,1,0,,NULL,NULL,NULL
962,25468,1,0,,NULL,NULL,NULL
963,25468,1,0,,NULL,NULL,NULL
964,25468,1,0,,NULL,NULL,NULL
965,25468,1,0,,NULL,NULL,NULL
966,25468,1,0,,NULL,NULL,NULL
967,25468,1,0,,NULL,NULL,NULL
968,31919,1,0,,NULL,NULL,NULL
969,31919,1,0,,NULL,NULL,NULL
970,31919,1,0,,NULL,NULL,NULL
971,31919,1,0,,NULL,NULL,NULL
972,31919,1,0,,NULL,NULL,NULL
973,31919,1,0,,NULL,NULL,NULL
974,31919,1,0,,NULL,NULL,NULL
975,31919,1,0,,NULL,NULL,NULL
976,31919,1,0,,NULL,NULL,NULL
977,31919,1,0,,NULL,NULL,NULL
978,31919,1,0,,NULL,NULL,NULL
979,31919,1,0,,NULL,NULL,NULL
980,31919,1,0,,NULL,NULL,NULL
981,31919,1,0,,NULL,NULL,NULL
982,31919,1,0,,NULL,NULL,NULL
983,31919,1,0,,NULL,NULL,NULL
984,31919,1,0,,NULL,NULL,NULL
985,31919,1,0,,NULL,NULL,NULL
986,31919,1,0,,NULL,NULL,NULL
987,31919,1,0,,NULL,NULL,NULL
988,31919,1,0,,NULL,NULL,NULL
989,31919,1,0,,NULL,NULL,NULL
990,31919,1,0,,NULL,NULL,NULL
991,31919,1,0,,NULL,NULL,NULL
992,31919,1,0,"Team 252 East (NC)",NULL,NULL,NULL
993,31919,1,0,,NULL,NULL,NULL
994,31919,1,0,,NULL,NULL,NULL
995,31919,1,0,,NULL,NULL,NULL
996,31919,1,0,,NULL,NULL,NULL
997,31919,1,0,,NULL,NULL,NULL
998,31919,1,0,,NULL,NULL,NULL
999,31919,1,0,,NULL,NULL,NULL
1000,31919,1,0,,NULL,NULL,NULL
